driver_name,Yarış,Galibiyet,Podyum,Puan,Ortalama_Pozisyon
Dorino Serafini,1,0,1,3.0,2.0
Alberto Ascari,27,13,17,139.0,2.1818181818181817
Michael Schumacher,181,72,116,1066.0,2.546666666666667
Alain Prost,31,5,14,107.0,2.65
Peter Collins,20,3,9,47.0,2.75
Nino Farina,21,1,13,75.33,2.764705882352941
Juan Fangio,7,3,5,34.5,2.875
Niki Lauda,58,15,32,242.5,2.9302325581395348
John Surtees,30,4,13,88.0,2.9411764705882355
José Froilán González,15,2,11,56.64,3.0
